fold_id,role,horizon_days,axis,statistical_status,availability_status,evaluable,issue_count,magnitude_bin,issue_target_pair_count,unique_event_count,episode_sampling_status,touched_episode_count,anchor_target_count,subsequent_target_event_count,episode_balanced_total_weight
C_DEV_2000_2004,development,7,operational_weekly,descriptive_operational_nonindependent,available,True,260,m4_plus,464,464,not_applicable_training_diagnostic_bin,,,,
C_DEV_2000_2004,development,7,operational_weekly,descriptive_operational_nonindependent,available,True,260,m5_6,96,96,formal_fixed_anchor_episode_population,75,75,21,75.00000000000001
C_DEV_2000_2004,development,7,operational_weekly,descriptive_operational_nonindependent,available,True,260,m6_plus,15,15,formal_fixed_anchor_episode_population,15,15,0,15.0
C_DEV_2000_2004,development,7,primary_exposure,primary_independent_exposure_axis,available,True,44,m4_plus,87,87,not_applicable_training_diagnostic_bin,,,,
C_DEV_2000_2004,development,7,primary_exposure,primary_independent_exposure_axis,available,True,44,m5_6,16,16,formal_fixed_anchor_episode_population,13,12,4,11.9
C_DEV_2000_2004,development,7,primary_exposure,primary_independent_exposure_axis,available,True,44,m6_plus,3,3,formal_fixed_anchor_episode_population,3,3,0,3.0
C_DEV_2000_2004,development,30,operational_weekly,descriptive_operational_nonindependent,available,True,257,m4_plus,1945,464,not_applicable_training_diagnostic_bin,,,,
C_DEV_2000_2004,development,30,operational_weekly,descriptive_operational_nonindependent,available,True,257,m5_6,391,96,formal_fixed_anchor_episode_population,75,75,21,75.00000000000001
C_DEV_2000_2004,development,30,operational_weekly,descriptive_operational_nonindependent,available,True,257,m6_plus,61,15,formal_fixed_anchor_episode_population,15,15,0,15.0
C_DEV_2000_2004,development,30,primary_exposure,primary_independent_exposure_axis,available,True,29,m4_plus,215,215,not_applicable_training_diagnostic_bin,,,,
C_DEV_2000_2004,development,30,primary_exposure,primary_independent_exposure_axis,available,True,29,m5_6,47,47,formal_fixed_anchor_episode_population,42,39,8,39.28333333333333
C_DEV_2000_2004,development,30,primary_exposure,primary_independent_exposure_axis,available,True,29,m6_plus,7,7,formal_fixed_anchor_episode_population,7,7,0,7.0
C_DEV_2000_2004,development,90,operational_weekly,descriptive_operational_nonindependent,available,True,248,m4_plus,5679,464,not_applicable_training_diagnostic_bin,,,,
C_DEV_2000_2004,development,90,operational_weekly,descriptive_operational_nonindependent,available,True,248,m5_6,1135,96,formal_fixed_anchor_episode_population,75,75,21,75.00000000000001
C_DEV_2000_2004,development,90,operational_weekly,descriptive_operational_nonindependent,available,True,248,m6_plus,183,15,formal_fixed_anchor_episode_population,15,15,0,15.0
C_DEV_2000_2004,development,90,primary_exposure,primary_independent_exposure_axis,available,True,14,m4_plus,348,348,not_applicable_training_diagnostic_bin,,,,
C_DEV_2000_2004,development,90,primary_exposure,primary_independent_exposure_axis,available,True,14,m5_6,76,76,formal_fixed_anchor_episode_population,59,57,19,57.83333333333334
C_DEV_2000_2004,development,90,primary_exposure,primary_independent_exposure_axis,available,True,14,m6_plus,13,13,formal_fixed_anchor_episode_population,13,13,0,13.0
C_DEV_2000_2004,development,180,operational_weekly,descriptive_operational_nonindependent,available,True,235,m4_plus,10835,464,not_applicable_training_diagnostic_bin,,,,
C_DEV_2000_2004,development,180,operational_weekly,descriptive_operational_nonindependent,available,True,235,m5_6,2155,96,formal_fixed_anchor_episode_population,75,75,21,75.00000000000001
C_DEV_2000_2004,development,180,operational_weekly,descriptive_operational_nonindependent,available,True,235,m6_plus,363,15,formal_fixed_anchor_episode_population,15,15,0,15.0
C_DEV_2000_2004,development,180,primary_exposure,primary_independent_exposure_axis,available,True,8,m4_plus,384,384,not_applicable_training_diagnostic_bin,,,,
C_DEV_2000_2004,development,180,primary_exposure,primary_independent_exposure_axis,available,True,8,m5_6,83,83,formal_fixed_anchor_episode_population,63,63,20,63.000000000000014
C_DEV_2000_2004,development,180,primary_exposure,primary_independent_exposure_axis,available,True,8,m6_plus,14,14,formal_fixed_anchor_episode_population,14,14,0,14.0
C_DEV_2000_2004,development,365,operational_weekly,descriptive_operational_nonindependent,available,True,209,m4_plus,19640,464,not_applicable_training_diagnostic_bin,,,,
C_DEV_2000_2004,development,365,operational_weekly,descriptive_operational_nonindependent,available,True,209,m5_6,3836,96,formal_fixed_anchor_episode_population,75,75,21,75.00000000000001
C_DEV_2000_2004,development,365,operational_weekly,descriptive_operational_nonindependent,available,True,209,m6_plus,677,15,formal_fixed_anchor_episode_population,15,15,0,15.0
C_DEV_2000_2004,development,365,primary_exposure,primary_independent_exposure_axis,available,True,4,m4_plus,379,379,not_applicable_training_diagnostic_bin,,,,
C_DEV_2000_2004,development,365,primary_exposure,primary_independent_exposure_axis,available,True,4,m5_6,81,81,formal_fixed_anchor_episode_population,64,64,17,63.500000000000014
C_DEV_2000_2004,development,365,primary_exposure,primary_independent_exposure_axis,available,True,4,m6_plus,14,14,formal_fixed_anchor_episode_population,14,14,0,14.0
C_DEV_2005_2009,development,7,operational_weekly,descriptive_operational_nonindependent,available,True,260,m4_plus,819,819,not_applicable_training_diagnostic_bin,,,,
C_DEV_2005_2009,development,7,operational_weekly,descriptive_operational_nonindependent,available,True,260,m5_6,121,121,formal_fixed_anchor_episode_population,71,71,50,71.00000000000003
C_DEV_2005_2009,development,7,operational_weekly,descriptive_operational_nonindependent,available,True,260,m6_plus,24,24,formal_fixed_anchor_episode_population,18,18,6,18.0
C_DEV_2005_2009,development,7,primary_exposure,primary_independent_exposure_axis,available,True,44,m4_plus,199,199,not_applicable_training_diagnostic_bin,,,,
C_DEV_2005_2009,development,7,primary_exposure,primary_independent_exposure_axis,available,True,44,m5_6,29,29,formal_fixed_anchor_episode_population,16,16,13,14.403508771929822
C_DEV_2005_2009,development,7,primary_exposure,primary_independent_exposure_axis,available,True,44,m6_plus,7,7,formal_fixed_anchor_episode_population,4,3,4,3.0
C_DEV_2005_2009,development,30,operational_weekly,descriptive_operational_nonindependent,available,True,256,m4_plus,3487,818,not_applicable_training_diagnostic_bin,,,,
C_DEV_2005_2009,development,30,operational_weekly,descriptive_operational_nonindependent,available,True,256,m5_6,516,121,formal_fixed_anchor_episode_population,71,71,50,71.00000000000003
C_DEV_2005_2009,development,30,operational_weekly,descriptive_operational_nonindependent,available,True,256,m6_plus,103,24,formal_fixed_anchor_episode_population,18,18,6,18.0
C_DEV_2005_2009,development,30,primary_exposure,primary_independent_exposure_axis,available,True,29,m4_plus,389,389,not_applicable_training_diagnostic_bin,,,,
C_DEV_2005_2009,development,30,primary_exposure,primary_independent_exposure_axis,available,True,29,m5_6,56,56,formal_fixed_anchor_episode_population,37,36,20,35.456140350877206
C_DEV_2005_2009,development,30,primary_exposure,primary_independent_exposure_axis,available,True,29,m6_plus,10,10,formal_fixed_anchor_episode_population,7,7,3,6.5
C_DEV_2005_2009,development,90,operational_weekly,descriptive_operational_nonindependent,available,True,248,m4_plus,10209,819,not_applicable_training_diagnostic_bin,,,,
C_DEV_2005_2009,development,90,operational_weekly,descriptive_operational_nonindependent,available,True,248,m5_6,1496,121,formal_fixed_anchor_episode_population,71,71,50,71.00000000000003
C_DEV_2005_2009,development,90,operational_weekly,descriptive_operational_nonindependent,available,True,248,m6_plus,303,24,formal_fixed_anchor_episode_population,18,18,6,18.0
C_DEV_2005_2009,development,90,primary_exposure,primary_independent_exposure_axis,available,True,14,m4_plus,535,535,not_applicable_training_diagnostic_bin,,,,
C_DEV_2005_2009,development,90,primary_exposure,primary_independent_exposure_axis,available,True,14,m5_6,75,75,formal_fixed_anchor_episode_population,46,46,29,44.29824561403511
C_DEV_2005_2009,development,90,primary_exposure,primary_independent_exposure_axis,available,True,14,m6_plus,14,14,formal_fixed_anchor_episode_population,10,10,4,10.0
C_DEV_2005_2009,development,180,operational_weekly,descriptive_operational_nonindependent,available,True,235,m4_plus,19540,819,not_applicable_training_diagnostic_bin,,,,
C_DEV_2005_2009,development,180,operational_weekly,descriptive_operational_nonindependent,available,True,235,m5_6,2870,121,formal_fixed_anchor_episode_population,71,71,50,71.00000000000003
C_DEV_2005_2009,development,180,operational_weekly,descriptive_operational_nonindependent,available,True,235,m6_plus,579,24,formal_fixed_anchor_episode_population,18,18,6,18.0
C_DEV_2005_2009,development,180,primary_exposure,primary_independent_exposure_axis,available,True,8,m4_plus,641,641,not_applicable_training_diagnostic_bin,,,,
C_DEV_2005_2009,development,180,primary_exposure,primary_independent_exposure_axis,available,True,8,m5_6,93,93,formal_fixed_anchor_episode_population,56,56,37,55.22807017543863
C_DEV_2005_2009,development,180,primary_exposure,primary_independent_exposure_axis,available,True,8,m6_plus,22,22,formal_fixed_anchor_episode_population,17,17,5,16.5
C_DEV_2005_2009,development,365,operational_weekly,descriptive_operational_nonindependent,available,True,209,m4_plus,36856,819,not_applicable_training_diagnostic_bin,,,,
C_DEV_2005_2009,development,365,operational_weekly,descriptive_operational_nonindependent,available,True,209,m5_6,5381,121,formal_fixed_anchor_episode_population,71,71,50,71.00000000000003
C_DEV_2005_2009,development,365,operational_weekly,descriptive_operational_nonindependent,available,True,209,m6_plus,1106,24,formal_fixed_anchor_episode_population,18,18,6,18.0
C_DEV_2005_2009,development,365,primary_exposure,primary_independent_exposure_axis,available,True,4,m4_plus,649,649,not_applicable_training_diagnostic_bin,,,,
C_DEV_2005_2009,development,365,primary_exposure,primary_independent_exposure_axis,available,True,4,m5_6,89,89,formal_fixed_anchor_episode_population,52,52,37,52.00000000000003
C_DEV_2005_2009,development,365,primary_exposure,primary_independent_exposure_axis,available,True,4,m6_plus,21,21,formal_fixed_anchor_episode_population,15,15,6,15.0
C_DEV_2010_2014,development,7,operational_weekly,descriptive_operational_nonindependent,available,True,260,m4_plus,577,577,not_applicable_training_diagnostic_bin,,,,
C_DEV_2010_2014,development,7,operational_weekly,descriptive_operational_nonindependent,available,True,260,m5_6,93,93,formal_fixed_anchor_episode_population,77,77,16,77.00000000000001
C_DEV_2010_2014,development,7,operational_weekly,descriptive_operational_nonindependent,available,True,260,m6_plus,15,15,formal_fixed_anchor_episode_population,14,14,1,14.0
C_DEV_2010_2014,development,7,primary_exposure,primary_independent_exposure_axis,available,True,44,m4_plus,89,89,not_applicable_training_diagnostic_bin,,,,
C_DEV_2010_2014,development,7,primary_exposure,primary_independent_exposure_axis,available,True,44,m5_6,10,10,formal_fixed_anchor_episode_population,10,10,0,9.0
C_DEV_2010_2014,development,7,primary_exposure,primary_independent_exposure_axis,available,True,44,m6_plus,0,0,formal_fixed_anchor_episode_population,0,0,0,0
C_DEV_2010_2014,development,30,operational_weekly,descriptive_operational_nonindependent,available,True,256,m4_plus,2445,577,not_applicable_training_diagnostic_bin,,,,
C_DEV_2010_2014,development,30,operational_weekly,descriptive_operational_nonindependent,available,True,256,m5_6,399,93,formal_fixed_anchor_episode_population,77,77,16,77.00000000000001
C_DEV_2010_2014,development,30,operational_weekly,descriptive_operational_nonindependent,available,True,256,m6_plus,62,15,formal_fixed_anchor_episode_population,14,14,1,14.0
C_DEV_2010_2014,development,30,primary_exposure,primary_independent_exposure_axis,available,True,29,m4_plus,280,280,not_applicable_training_diagnostic_bin,,,,
C_DEV_2010_2014,development,30,primary_exposure,primary_independent_exposure_axis,available,True,29,m5_6,51,51,formal_fixed_anchor_episode_population,40,40,11,39.266666666666666
C_DEV_2010_2014,development,30,primary_exposure,primary_independent_exposure_axis,available,True,29,m6_plus,5,5,formal_fixed_anchor_episode_population,5,5,0,5.0
C_DEV_2010_2014,development,90,operational_weekly,descriptive_operational_nonindependent,available,True,248,m4_plus,7137,577,not_applicable_training_diagnostic_bin,,,,
C_DEV_2010_2014,development,90,operational_weekly,descriptive_operational_nonindependent,available,True,248,m5_6,1149,93,formal_fixed_anchor_episode_population,77,77,16,77.00000000000001
C_DEV_2010_2014,development,90,operational_weekly,descriptive_operational_nonindependent,available,True,248,m6_plus,185,15,formal_fixed_anchor_episode_population,14,14,1,14.0
C_DEV_2010_2014,development,90,primary_exposure,primary_independent_exposure_axis,available,True,14,m4_plus,405,405,not_applicable_training_diagnostic_bin,,,,
C_DEV_2010_2014,development,90,primary_exposure,primary_independent_exposure_axis,available,True,14,m5_6,65,65,formal_fixed_anchor_episode_population,55,55,10,54.166666666666664
C_DEV_2010_2014,development,90,primary_exposure,primary_independent_exposure_axis,available,True,14,m6_plus,8,8,formal_fixed_anchor_episode_population,8,8,0,8.0
C_DEV_2010_2014,development,180,operational_weekly,descriptive_operational_nonindependent,available,True,235,m4_plus,13415,577,not_applicable_training_diagnostic_bin,,,,
C_DEV_2010_2014,development,180,operational_weekly,descriptive_operational_nonindependent,available,True,235,m5_6,2180,93,formal_fixed_anchor_episode_population,77,77,16,77.00000000000001
C_DEV_2010_2014,development,180,operational_weekly,descriptive_operational_nonindependent,available,True,235,m6_plus,325,15,formal_fixed_anchor_episode_population,14,14,1,14.0
C_DEV_2010_2014,development,180,primary_exposure,primary_independent_exposure_axis,available,True,8,m4_plus,491,491,not_applicable_training_diagnostic_bin,,,,
C_DEV_2010_2014,development,180,primary_exposure,primary_independent_exposure_axis,available,True,8,m5_6,84,84,formal_fixed_anchor_episode_population,69,69,15,69.00000000000001
C_DEV_2010_2014,development,180,primary_exposure,primary_independent_exposure_axis,available,True,8,m6_plus,12,12,formal_fixed_anchor_episode_population,11,11,1,11.0
C_DEV_2010_2014,development,365,operational_weekly,descriptive_operational_nonindependent,available,True,208,m4_plus,23971,577,not_applicable_training_diagnostic_bin,,,,
C_DEV_2010_2014,development,365,operational_weekly,descriptive_operational_nonindependent,available,True,208,m5_6,4007,93,formal_fixed_anchor_episode_population,77,77,16,77.00000000000001
C_DEV_2010_2014,development,365,operational_weekly,descriptive_operational_nonindependent,available,True,208,m6_plus,558,15,formal_fixed_anchor_episode_population,14,14,1,14.0
C_DEV_2010_2014,development,365,primary_exposure,primary_independent_exposure_axis,available,True,4,m4_plus,474,474,not_applicable_training_diagnostic_bin,,,,
C_DEV_2010_2014,development,365,primary_exposure,primary_independent_exposure_axis,available,True,4,m5_6,76,76,formal_fixed_anchor_episode_population,62,62,14,62.00000000000001
C_DEV_2010_2014,development,365,primary_exposure,primary_independent_exposure_axis,available,True,4,m6_plus,10,10,formal_fixed_anchor_episode_population,9,9,1,9.0
C_DEV_2015_2019,development,7,operational_weekly,descriptive_operational_nonindependent,available,True,260,m4_plus,474,474,not_applicable_training_diagnostic_bin,,,,
C_DEV_2015_2019,development,7,operational_weekly,descriptive_operational_nonindependent,available,True,260,m5_6,70,70,formal_fixed_anchor_episode_population,63,63,7,63.0
C_DEV_2015_2019,development,7,operational_weekly,descriptive_operational_nonindependent,available,True,260,m6_plus,11,11,formal_fixed_anchor_episode_population,11,11,0,11.0
C_DEV_2015_2019,development,7,primary_exposure,primary_independent_exposure_axis,available,True,44,m4_plus,101,101,not_applicable_training_diagnostic_bin,,,,
C_DEV_2015_2019,development,7,primary_exposure,primary_independent_exposure_axis,available,True,44,m5_6,16,16,formal_fixed_anchor_episode_population,15,15,1,15.0
C_DEV_2015_2019,development,7,primary_exposure,primary_independent_exposure_axis,available,True,44,m6_plus,1,1,formal_fixed_anchor_episode_population,1,1,0,1.0
C_DEV_2015_2019,development,30,operational_weekly,descriptive_operational_nonindependent,available,True,257,m4_plus,2021,475,not_applicable_training_diagnostic_bin,,,,
C_DEV_2015_2019,development,30,operational_weekly,descriptive_operational_nonindependent,available,True,257,m5_6,290,70,formal_fixed_anchor_episode_population,63,63,7,63.0
C_DEV_2015_2019,development,30,operational_weekly,descriptive_operational_nonindependent,available,True,257,m6_plus,48,11,formal_fixed_anchor_episode_population,11,11,0,11.0
C_DEV_2015_2019,development,30,primary_exposure,primary_independent_exposure_axis,available,True,29,m4_plus,243,243,not_applicable_training_diagnostic_bin,,,,
C_DEV_2015_2019,development,30,primary_exposure,primary_independent_exposure_axis,available,True,29,m5_6,35,35,formal_fixed_anchor_episode_population,34,32,3,32.25
C_DEV_2015_2019,development,30,primary_exposure,primary_independent_exposure_axis,available,True,29,m6_plus,6,6,formal_fixed_anchor_episode_population,6,6,0,6.0
C_DEV_2015_2019,development,90,operational_weekly,descriptive_operational_nonindependent,available,True,249,m4_plus,5799,475,not_applicable_training_diagnostic_bin,,,,
C_DEV_2015_2019,development,90,operational_weekly,descriptive_operational_nonindependent,available,True,249,m5_6,838,70,formal_fixed_anchor_episode_population,63,63,7,63.0
C_DEV_2015_2019,development,90,operational_weekly,descriptive_operational_nonindependent,available,True,249,m6_plus,141,11,formal_fixed_anchor_episode_population,11,11,0,11.0
C_DEV_2015_2019,development,90,primary_exposure,primary_independent_exposure_axis,available,True,14,m4_plus,339,339,not_applicable_training_diagnostic_bin,,,,
C_DEV_2015_2019,development,90,primary_exposure,primary_independent_exposure_axis,available,True,14,m5_6,48,48,formal_fixed_anchor_episode_population,45,44,4,43.75
C_DEV_2015_2019,development,90,primary_exposure,primary_independent_exposure_axis,available,True,14,m6_plus,9,9,formal_fixed_anchor_episode_population,9,9,0,9.0
C_DEV_2015_2019,development,180,operational_weekly,descriptive_operational_nonindependent,available,True,236,m4_plus,11024,475,not_applicable_training_diagnostic_bin,,,,
C_DEV_2015_2019,development,180,operational_weekly,descriptive_operational_nonindependent,available,True,236,m5_6,1551,70,formal_fixed_anchor_episode_population,63,63,7,63.0
C_DEV_2015_2019,development,180,operational_weekly,descriptive_operational_nonindependent,available,True,236,m6_plus,283,11,formal_fixed_anchor_episode_population,11,11,0,11.0
C_DEV_2015_2019,development,180,primary_exposure,primary_independent_exposure_axis,available,True,8,m4_plus,370,370,not_applicable_training_diagnostic_bin,,,,
C_DEV_2015_2019,development,180,primary_exposure,primary_independent_exposure_axis,available,True,8,m5_6,55,55,formal_fixed_anchor_episode_population,50,49,6,49.5
C_DEV_2015_2019,development,180,primary_exposure,primary_independent_exposure_axis,available,True,8,m6_plus,10,10,formal_fixed_anchor_episode_population,10,10,0,10.0
C_DEV_2015_2019,development,365,operational_weekly,descriptive_operational_nonindependent,available,True,209,m4_plus,19591,475,not_applicable_training_diagnostic_bin,,,,
C_DEV_2015_2019,development,365,operational_weekly,descriptive_operational_nonindependent,available,True,209,m5_6,2750,70,formal_fixed_anchor_episode_population,63,63,7,63.0
C_DEV_2015_2019,development,365,operational_weekly,descriptive_operational_nonindependent,available,True,209,m6_plus,509,11,formal_fixed_anchor_episode_population,11,11,0,11.0
C_DEV_2015_2019,development,365,primary_exposure,primary_independent_exposure_axis,available,True,4,m4_plus,377,377,not_applicable_training_diagnostic_bin,,,,
C_DEV_2015_2019,development,365,primary_exposure,primary_independent_exposure_axis,available,True,4,m5_6,55,55,formal_fixed_anchor_episode_population,51,51,4,51.0
C_DEV_2015_2019,development,365,primary_exposure,primary_independent_exposure_axis,available,True,4,m6_plus,7,7,formal_fixed_anchor_episode_population,7,7,0,7.0
C_HOLDOUT_2020_2022,least_exposed_holdout,7,operational_weekly,descriptive_operational_nonindependent,available,True,156,m4_plus,348,348,not_applicable_training_diagnostic_bin,,,,
C_HOLDOUT_2020_2022,least_exposed_holdout,7,operational_weekly,descriptive_operational_nonindependent,available,True,156,m5_6,54,54,formal_fixed_anchor_episode_population,46,46,8,46.00000000000001
C_HOLDOUT_2020_2022,least_exposed_holdout,7,operational_weekly,descriptive_operational_nonindependent,available,True,156,m6_plus,12,12,formal_fixed_anchor_episode_population,12,12,0,12.0
C_HOLDOUT_2020_2022,least_exposed_holdout,7,primary_exposure,primary_independent_exposure_axis,available,True,26,m4_plus,70,70,not_applicable_training_diagnostic_bin,,,,
C_HOLDOUT_2020_2022,least_exposed_holdout,7,primary_exposure,primary_independent_exposure_axis,available,True,26,m5_6,10,10,formal_fixed_anchor_episode_population,8,8,2,7.999999999999999
C_HOLDOUT_2020_2022,least_exposed_holdout,7,primary_exposure,primary_independent_exposure_axis,available,True,26,m6_plus,2,2,formal_fixed_anchor_episode_population,2,2,0,2.0
C_HOLDOUT_2020_2022,least_exposed_holdout,30,operational_weekly,descriptive_operational_nonindependent,available,True,153,m4_plus,1474,348,not_applicable_training_diagnostic_bin,,,,
C_HOLDOUT_2020_2022,least_exposed_holdout,30,operational_weekly,descriptive_operational_nonindependent,available,True,153,m5_6,228,54,formal_fixed_anchor_episode_population,46,46,8,46.00000000000001
C_HOLDOUT_2020_2022,least_exposed_holdout,30,operational_weekly,descriptive_operational_nonindependent,available,True,153,m6_plus,53,12,formal_fixed_anchor_episode_population,12,12,0,12.0
C_HOLDOUT_2020_2022,least_exposed_holdout,30,primary_exposure,primary_independent_exposure_axis,available,True,17,m4_plus,189,189,not_applicable_training_diagnostic_bin,,,,
C_HOLDOUT_2020_2022,least_exposed_holdout,30,primary_exposure,primary_independent_exposure_axis,available,True,17,m5_6,36,36,formal_fixed_anchor_episode_population,31,30,6,30.499999999999996
C_HOLDOUT_2020_2022,least_exposed_holdout,30,primary_exposure,primary_independent_exposure_axis,available,True,17,m6_plus,6,6,formal_fixed_anchor_episode_population,6,6,0,6.0
C_HOLDOUT_2020_2022,least_exposed_holdout,90,operational_weekly,descriptive_operational_nonindependent,available,True,144,m4_plus,4058,348,not_applicable_training_diagnostic_bin,,,,
C_HOLDOUT_2020_2022,least_exposed_holdout,90,operational_weekly,descriptive_operational_nonindependent,available,True,144,m5_6,595,54,formal_fixed_anchor_episode_population,46,46,8,46.00000000000001
C_HOLDOUT_2020_2022,least_exposed_holdout,90,operational_weekly,descriptive_operational_nonindependent,available,True,144,m6_plus,145,12,formal_fixed_anchor_episode_population,12,12,0,12.0
C_HOLDOUT_2020_2022,least_exposed_holdout,90,primary_exposure,primary_independent_exposure_axis,available,True,8,m4_plus,241,241,not_applicable_training_diagnostic_bin,,,,
C_HOLDOUT_2020_2022,least_exposed_holdout,90,primary_exposure,primary_independent_exposure_axis,available,True,8,m5_6,38,38,formal_fixed_anchor_episode_population,32,32,6,31.999999999999996
C_HOLDOUT_2020_2022,least_exposed_holdout,90,primary_exposure,primary_independent_exposure_axis,available,True,8,m6_plus,8,8,formal_fixed_anchor_episode_population,8,8,0,8.0
C_HOLDOUT_2020_2022,least_exposed_holdout,180,operational_weekly,descriptive_operational_nonindependent,available,True,131,m4_plus,7467,347,not_applicable_training_diagnostic_bin,,,,
C_HOLDOUT_2020_2022,least_exposed_holdout,180,operational_weekly,descriptive_operational_nonindependent,available,True,131,m5_6,1023,54,formal_fixed_anchor_episode_population,46,46,8,46.00000000000001
C_HOLDOUT_2020_2022,least_exposed_holdout,180,operational_weekly,descriptive_operational_nonindependent,available,True,131,m6_plus,279,12,formal_fixed_anchor_episode_population,12,12,0,12.0
C_HOLDOUT_2020_2022,least_exposed_holdout,180,primary_exposure,primary_independent_exposure_axis,available,True,5,m4_plus,273,273,not_applicable_training_diagnostic_bin,,,,
C_HOLDOUT_2020_2022,least_exposed_holdout,180,primary_exposure,primary_independent_exposure_axis,available,True,5,m5_6,41,41,formal_fixed_anchor_episode_population,35,35,6,34.50000000000001
C_HOLDOUT_2020_2022,least_exposed_holdout,180,primary_exposure,primary_independent_exposure_axis,available,True,5,m6_plus,9,9,formal_fixed_anchor_episode_population,9,9,0,9.0
C_HOLDOUT_2020_2022,least_exposed_holdout,365,operational_weekly,descriptive_operational_nonindependent,available,True,105,m4_plus,12284,348,not_applicable_training_diagnostic_bin,,,,
C_HOLDOUT_2020_2022,least_exposed_holdout,365,operational_weekly,descriptive_operational_nonindependent,available,True,105,m5_6,1595,54,formal_fixed_anchor_episode_population,46,46,8,46.00000000000001
C_HOLDOUT_2020_2022,least_exposed_holdout,365,operational_weekly,descriptive_operational_nonindependent,available,True,105,m6_plus,436,12,formal_fixed_anchor_episode_population,12,12,0,12.0
C_HOLDOUT_2020_2022,least_exposed_holdout,365,primary_exposure,primary_independent_exposure_axis,available,True,2,m4_plus,252,252,not_applicable_training_diagnostic_bin,,,,
C_HOLDOUT_2020_2022,least_exposed_holdout,365,primary_exposure,primary_independent_exposure_axis,available,True,2,m5_6,36,36,formal_fixed_anchor_episode_population,30,30,6,29.999999999999996
C_HOLDOUT_2020_2022,least_exposed_holdout,365,primary_exposure,primary_independent_exposure_axis,available,True,2,m6_plus,8,8,formal_fixed_anchor_episode_population,8,8,0,8.0
C_AUDIT_2023_2026,stability_audit,7,operational_weekly,descriptive_operational_nonindependent,available,True,183,m4_plus,403,403,not_applicable_training_diagnostic_bin,,,,
C_AUDIT_2023_2026,stability_audit,7,operational_weekly,descriptive_operational_nonindependent,available,True,183,m5_6,57,57,formal_fixed_anchor_episode_population,39,39,18,39.00000000000001
C_AUDIT_2023_2026,stability_audit,7,operational_weekly,descriptive_operational_nonindependent,available,True,183,m6_plus,7,7,formal_fixed_anchor_episode_population,6,6,1,6.0
C_AUDIT_2023_2026,stability_audit,7,primary_exposure,primary_independent_exposure_axis,available,True,31,m4_plus,80,80,not_applicable_training_diagnostic_bin,,,,
C_AUDIT_2023_2026,stability_audit,7,primary_exposure,primary_independent_exposure_axis,available,True,31,m5_6,14,14,formal_fixed_anchor_episode_population,10,10,4,8.625
C_AUDIT_2023_2026,stability_audit,7,primary_exposure,primary_independent_exposure_axis,available,True,31,m6_plus,1,1,formal_fixed_anchor_episode_population,1,1,0,1.0
C_AUDIT_2023_2026,stability_audit,30,operational_weekly,descriptive_operational_nonindependent,available,True,179,m4_plus,1665,396,not_applicable_training_diagnostic_bin,,,,
C_AUDIT_2023_2026,stability_audit,30,operational_weekly,descriptive_operational_nonindependent,available,True,179,m5_6,221,55,formal_fixed_anchor_episode_population,39,39,16,38.50000000000001
C_AUDIT_2023_2026,stability_audit,30,operational_weekly,descriptive_operational_nonindependent,available,True,179,m6_plus,27,7,formal_fixed_anchor_episode_population,6,6,1,6.0
C_AUDIT_2023_2026,stability_audit,30,primary_exposure,primary_independent_exposure_axis,available,True,20,m4_plus,206,206,not_applicable_training_diagnostic_bin,,,,
C_AUDIT_2023_2026,stability_audit,30,primary_exposure,primary_independent_exposure_axis,available,True,20,m5_6,29,29,formal_fixed_anchor_episode_population,20,20,9,19.999999999999996
C_AUDIT_2023_2026,stability_audit,30,primary_exposure,primary_independent_exposure_axis,available,True,20,m6_plus,2,2,formal_fixed_anchor_episode_population,2,2,0,2.0
C_AUDIT_2023_2026,stability_audit,90,operational_weekly,descriptive_operational_nonindependent,available,True,171,m4_plus,4770,401,not_applicable_training_diagnostic_bin,,,,
C_AUDIT_2023_2026,stability_audit,90,operational_weekly,descriptive_operational_nonindependent,available,True,171,m5_6,622,55,formal_fixed_anchor_episode_population,39,39,16,38.50000000000001
C_AUDIT_2023_2026,stability_audit,90,operational_weekly,descriptive_operational_nonindependent,available,True,171,m6_plus,64,7,formal_fixed_anchor_episode_population,6,6,1,6.0
C_AUDIT_2023_2026,stability_audit,90,primary_exposure,primary_independent_exposure_axis,available,True,10,m4_plus,279,279,not_applicable_training_diagnostic_bin,,,,
C_AUDIT_2023_2026,stability_audit,90,primary_exposure,primary_independent_exposure_axis,available,True,10,m5_6,35,35,formal_fixed_anchor_episode_population,24,24,11,23.999999999999996
C_AUDIT_2023_2026,stability_audit,90,primary_exposure,primary_independent_exposure_axis,available,True,10,m6_plus,3,3,formal_fixed_anchor_episode_population,3,3,0,3.0
C_AUDIT_2023_2026,stability_audit,180,operational_weekly,descriptive_operational_nonindependent,available,True,158,m4_plus,8893,401,not_applicable_training_diagnostic_bin,,,,
C_AUDIT_2023_2026,stability_audit,180,operational_weekly,descriptive_operational_nonindependent,available,True,158,m5_6,1166,55,formal_fixed_anchor_episode_population,39,39,16,38.50000000000001
C_AUDIT_2023_2026,stability_audit,180,operational_weekly,descriptive_operational_nonindependent,available,True,158,m6_plus,112,7,formal_fixed_anchor_episode_population,6,6,1,6.0
C_AUDIT_2023_2026,stability_audit,180,primary_exposure,primary_independent_exposure_axis,available,True,6,m4_plus,341,341,not_applicable_training_diagnostic_bin,,,,
C_AUDIT_2023_2026,stability_audit,180,primary_exposure,primary_independent_exposure_axis,available,True,6,m5_6,45,45,formal_fixed_anchor_episode_population,34,34,11,33.875
C_AUDIT_2023_2026,stability_audit,180,primary_exposure,primary_independent_exposure_axis,available,True,6,m6_plus,5,5,formal_fixed_anchor_episode_population,5,5,0,5.0
C_AUDIT_2023_2026,stability_audit,365,operational_weekly,descriptive_operational_nonindependent,available,True,131,m4_plus,15622,396,not_applicable_training_diagnostic_bin,,,,
C_AUDIT_2023_2026,stability_audit,365,operational_weekly,descriptive_operational_nonindependent,available,True,131,m5_6,2079,55,formal_fixed_anchor_episode_population,39,39,16,38.50000000000001
C_AUDIT_2023_2026,stability_audit,365,operational_weekly,descriptive_operational_nonindependent,available,True,131,m6_plus,195,7,formal_fixed_anchor_episode_population,6,6,1,6.0
C_AUDIT_2023_2026,stability_audit,365,primary_exposure,primary_independent_exposure_axis,available,True,3,m4_plus,313,313,not_applicable_training_diagnostic_bin,,,,
C_AUDIT_2023_2026,stability_audit,365,primary_exposure,primary_independent_exposure_axis,available,True,3,m5_6,38,38,formal_fixed_anchor_episode_population,34,34,4,34.0
C_AUDIT_2023_2026,stability_audit,365,primary_exposure,primary_independent_exposure_axis,available,True,3,m6_plus,4,4,formal_fixed_anchor_episode_population,4,4,0,4.0
